{
  "in_sample": {
    "total_return_%": 113.68534205128245,
    "max_drawdown_%": 2.3018757879157135,
    "sharpe_ratio": 1.1753282886397582,
    "sortino_ratio": 1.0507507768716005,
    "calmar_ratio": 4.9246644462789195,
    "total_trades": 27,
    "win_rate_%": 85.18518518518519,
    "profit_factor": 14.445133091325081
  },
  "out_of_sample": {
    "total_return_%": 76.46860871946618,
    "max_drawdown_%": 0.6399947921162048,
    "sharpe_ratio": 1.4337251719434014,
    "sortino_ratio": Infinity,
    "calmar_ratio": 31.119287076206742,
    "total_trades": 8,
    "win_rate_%": 87.5,
    "profit_factor": 154.1431576100215
  }
}