{
  "in_sample": {
    "total_return_%": 114.88568704409681,
    "max_drawdown_%": 2.2882099662034787,
    "sharpe_ratio": 1.1743011592243584,
    "sortino_ratio": 1.2117468510152574,
    "calmar_ratio": 5.001108688710409,
    "total_trades": 28,
    "win_rate_%": 78.57142857142857,
    "profit_factor": 12.709143450889782
  },
  "out_of_sample": {
    "total_return_%": 78.17189800464695,
    "max_drawdown_%": 1.1662001190050426,
    "sharpe_ratio": 1.3863610316265331,
    "sortino_ratio": 3.4475628504552454,
    "calmar_ratio": 17.461422617652488,
    "total_trades": 9,
    "win_rate_%": 77.77777777777779,
    "profit_factor": 35.69472968388307
  }
}