{
  "in_sample": {
    "total_return_%": 97.06411314602057,
    "max_drawdown_%": 2.3079904260891135,
    "sharpe_ratio": 1.1878755772236682,
    "sortino_ratio": 0.8404989655047722,
    "calmar_ratio": 4.303705022888301,
    "total_trades": 26,
    "win_rate_%": 76.92307692307693,
    "profit_factor": 10.689361814458229
  },
  "out_of_sample": {
    "total_return_%": 94.09494566022988,
    "max_drawdown_%": 1.2510000394690657,
    "sharpe_ratio": 1.3015957308153094,
    "sortino_ratio": Infinity,
    "calmar_ratio": 18.660813258720953,
    "total_trades": 8,
    "win_rate_%": 87.5,
    "profit_factor": 81.5919794678354
  }
}