{
  "in_sample": {
    "total_return_%": 96.2257315711124,
    "max_drawdown_%": 2.484931208435646,
    "sharpe_ratio": 1.150711508619742,
    "sortino_ratio": 0.8411858743425662,
    "calmar_ratio": 3.9620097878054956,
    "total_trades": 27,
    "win_rate_%": 74.07407407407408,
    "profit_factor": 9.76655311181134
  },
  "out_of_sample": {
    "total_return_%": 95.78659500452002,
    "max_drawdown_%": 0.0,
    "sharpe_ratio": 1.3378769841277705,
    "sortino_ratio": Infinity,
    "calmar_ratio": Infinity,
    "total_trades": 7,
    "win_rate_%": 100.0,
    "profit_factor": Infinity
  }
}