{
  "in_sample": {
    "total_return_%": 115.23776563861917,
    "max_drawdown_%": 2.284232306076598,
    "sharpe_ratio": 1.258077004782054,
    "sortino_ratio": 1.1015630507891079,
    "calmar_ratio": 5.037876231529599,
    "total_trades": 25,
    "win_rate_%": 84.0,
    "profit_factor": 14.156098472356335
  },
  "out_of_sample": {
    "total_return_%": 82.0835573278247,
    "max_drawdown_%": 0.10339562453513407,
    "sharpe_ratio": 1.4638348322974613,
    "sortino_ratio": Infinity,
    "calmar_ratio": 205.35994680564272,
    "total_trades": 8,
    "win_rate_%": 87.5,
    "profit_factor": Infinity
  }
}