{
  "in_sample": {
    "total_return_%": 97.46143525713474,
    "max_drawdown_%": 2.3277504174761865,
    "sharpe_ratio": 1.1673039518681763,
    "sortino_ratio": 0.8943205112838725,
    "calmar_ratio": 4.263335506123075,
    "total_trades": 27,
    "win_rate_%": 74.07407407407408,
    "profit_factor": 10.931839796876394
  },
  "out_of_sample": {
    "total_return_%": 95.78659500452002,
    "max_drawdown_%": 0.0,
    "sharpe_ratio": 1.3378769841277705,
    "sortino_ratio": Infinity,
    "calmar_ratio": Infinity,
    "total_trades": 7,
    "win_rate_%": 100.0,
    "profit_factor": Infinity
  }
}