{
  "in_sample": {
    "total_return_%": 99.94618948832228,
    "max_drawdown_%": 2.46113493547182,
    "sharpe_ratio": 1.1905719749562067,
    "sortino_ratio": 0.8629913261495371,
    "calmar_ratio": 4.161190299421446,
    "total_trades": 26,
    "win_rate_%": 73.07692307692307,
    "profit_factor": 10.376558707198688
  },
  "out_of_sample": {
    "total_return_%": 90.76679586825666,
    "max_drawdown_%": 1.113646994009591,
    "sharpe_ratio": 1.3035737725347332,
    "sortino_ratio": 4.406779603629444,
    "calmar_ratio": 20.57746949001371,
    "total_trades": 9,
    "win_rate_%": 77.77777777777779,
    "profit_factor": 48.50840286894421
  }
}