{
  "in_sample": {
    "total_return_%": 98.22160127632415,
    "max_drawdown_%": 2.293769965343837,
    "sharpe_ratio": 1.1871850806750588,
    "sortino_ratio": 0.8549384159472764,
    "calmar_ratio": 4.37687831551695,
    "total_trades": 26,
    "win_rate_%": 76.92307692307693,
    "profit_factor": 10.79903197093275
  },
  "out_of_sample": {
    "total_return_%": 94.09494566022988,
    "max_drawdown_%": 1.2510000394690657,
    "sharpe_ratio": 1.303312014426875,
    "sortino_ratio": Infinity,
    "calmar_ratio": 18.709791771211034,
    "total_trades": 8,
    "win_rate_%": 87.5,
    "profit_factor": 81.5919794678354
  }
}