{
  "in_sample": {
    "total_return_%": 117.92922572237998,
    "max_drawdown_%": 2.2542760715757284,
    "sharpe_ratio": 1.272799791892709,
    "sortino_ratio": 1.0703957010042469,
    "calmar_ratio": 5.173820243215816,
    "total_trades": 27,
    "win_rate_%": 85.18518518518519,
    "profit_factor": 15.660368985787773
  },
  "out_of_sample": {
    "total_return_%": 74.65900589042802,
    "max_drawdown_%": 0.11467192128477054,
    "sharpe_ratio": 1.393900801685126,
    "sortino_ratio": Infinity,
    "calmar_ratio": 171.99695296856115,
    "total_trades": 8,
    "win_rate_%": 87.5,
    "profit_factor": Infinity
  }
}