{
  "in_sample": {
    "total_return_%": 110.7843419379527,
    "max_drawdown_%": 2.3897810218978157,
    "sharpe_ratio": 1.1312171428165112,
    "sortino_ratio": 1.0544605801866092,
    "calmar_ratio": 4.6753581681373815,
    "total_trades": 29,
    "win_rate_%": 79.3103448275862,
    "profit_factor": 10.208498531080721
  },
  "out_of_sample": {
    "total_return_%": 78.68246991943255,
    "max_drawdown_%": 1.255820211082078,
    "sharpe_ratio": 1.3884382482517286,
    "sortino_ratio": 2.960786846129089,
    "calmar_ratio": 16.297558849088443,
    "total_trades": 9,
    "win_rate_%": 77.77777777777779,
    "profit_factor": 33.73846476180804
  }
}