{
  "in_sample": {
    "total_return_%": 115.23776563861917,
    "max_drawdown_%": 2.284232306076598,
    "sharpe_ratio": 1.2573500566218054,
    "sortino_ratio": 1.1002976136256513,
    "calmar_ratio": 5.03208889524984,
    "total_trades": 25,
    "win_rate_%": 84.0,
    "profit_factor": 14.156098472356335
  },
  "out_of_sample": {
    "total_return_%": 70.39204832660384,
    "max_drawdown_%": 0.11467192128477054,
    "sharpe_ratio": 1.3415246217403467,
    "sortino_ratio": Infinity,
    "calmar_ratio": 164.8675693529588,
    "total_trades": 7,
    "win_rate_%": 85.71428571428571,
    "profit_factor": Infinity
  }
}