{
  "in_sample": {
    "total_return_%": 110.40365547152193,
    "max_drawdown_%": 2.340084503088891,
    "sharpe_ratio": 1.2466135773314835,
    "sortino_ratio": 0.9854459476004429,
    "calmar_ratio": 4.738691710310234,
    "total_trades": 26,
    "win_rate_%": 84.61538461538461,
    "profit_factor": 14.66197581826231
  },
  "out_of_sample": {
    "total_return_%": 77.70143232669994,
    "max_drawdown_%": 0.7243596246991559,
    "sharpe_ratio": 1.3998768827636832,
    "sortino_ratio": 6.957327411093545,
    "calmar_ratio": 27.98664107101548,
    "total_trades": 10,
    "win_rate_%": 70.0,
    "profit_factor": 109.55288761392627
  }
}