{
  "in_sample": {
    "total_return_%": 114.76630375680456,
    "max_drawdown_%": 2.2895618634899906,
    "sharpe_ratio": 1.1725752876154694,
    "sortino_ratio": 1.2107757150981835,
    "calmar_ratio": 4.997985432242242,
    "total_trades": 28,
    "win_rate_%": 78.57142857142857,
    "profit_factor": 12.69754144179776
  },
  "out_of_sample": {
    "total_return_%": 80.83727717469793,
    "max_drawdown_%": 0.6399947921162048,
    "sharpe_ratio": 1.414083000246688,
    "sortino_ratio": 5.979931445807904,
    "calmar_ratio": 32.61160751355711,
    "total_trades": 9,
    "win_rate_%": 77.77777777777779,
    "profit_factor": 95.68461276303228
  }
}