{
  "in_sample": {
    "total_return_%": 117.54896435515332,
    "max_drawdown_%": 2.258460669603693,
    "sharpe_ratio": 1.2625370837197967,
    "sortino_ratio": 1.0660798834418377,
    "calmar_ratio": 5.155320426427192,
    "total_trades": 26,
    "win_rate_%": 84.61538461538461,
    "profit_factor": 15.591392263507123
  },
  "out_of_sample": {
    "total_return_%": 72.28387117437993,
    "max_drawdown_%": 0.11467192128477054,
    "sharpe_ratio": 1.368299445434193,
    "sortino_ratio": Infinity,
    "calmar_ratio": 168.11153376619703,
    "total_trades": 8,
    "win_rate_%": 87.5,
    "profit_factor": Infinity
  }
}