{
  "in_sample": {
    "total_return_%": 101.52359967284016,
    "max_drawdown_%": 2.4406545424847974,
    "sharpe_ratio": 1.2005694973474317,
    "sortino_ratio": 0.9099415299147982,
    "calmar_ratio": 4.2428283531809,
    "total_trades": 26,
    "win_rate_%": 76.92307692307693,
    "profit_factor": 10.66244635434364
  },
  "out_of_sample": {
    "total_return_%": 90.15631612815795,
    "max_drawdown_%": 1.1975966155092177,
    "sharpe_ratio": 1.2826358996498157,
    "sortino_ratio": 24.208226686825263,
    "calmar_ratio": 19.048309213542726,
    "total_trades": 9,
    "win_rate_%": 77.77777777777779,
    "profit_factor": 33.09664485135409
  }
}