{
  "in_sample": {
    "total_return_%": 97.46390334617709,
    "max_drawdown_%": 2.303058864712515,
    "sharpe_ratio": 1.1866358135894994,
    "sortino_ratio": 0.8435452588749148,
    "calmar_ratio": 4.31904025251676,
    "total_trades": 26,
    "win_rate_%": 76.92307692307693,
    "profit_factor": 10.72724129905964
  },
  "out_of_sample": {
    "total_return_%": 94.05623929351445,
    "max_drawdown_%": 0.0,
    "sharpe_ratio": 1.3435676346846679,
    "sortino_ratio": Infinity,
    "calmar_ratio": Infinity,
    "total_trades": 7,
    "win_rate_%": 100.0,
    "profit_factor": Infinity
  }
}