{
  "in_sample": {
    "total_return_%": 109.2449313993399,
    "max_drawdown_%": 2.325935252267771,
    "sharpe_ratio": 1.1506834937059058,
    "sortino_ratio": 0.9574657583344113,
    "calmar_ratio": 4.733391965390873,
    "total_trades": 28,
    "win_rate_%": 71.42857142857143,
    "profit_factor": 12.247677607075723
  },
  "out_of_sample": {
    "total_return_%": 78.7433217699431,
    "max_drawdown_%": 0.0,
    "sharpe_ratio": 1.4553214080766341,
    "sortino_ratio": Infinity,
    "calmar_ratio": Infinity,
    "total_trades": 7,
    "win_rate_%": 100.0,
    "profit_factor": Infinity
  }
}