{
  "in_sample": {
    "total_return_%": 101.0899415269376,
    "max_drawdown_%": 2.282280454255358,
    "sharpe_ratio": 1.2119413069413885,
    "sortino_ratio": 0.8738823296152466,
    "calmar_ratio": 4.514317830009781,
    "total_trades": 25,
    "win_rate_%": 80.0,
    "profit_factor": 11.963392076819213
  },
  "out_of_sample": {
    "total_return_%": 89.99137424656247,
    "max_drawdown_%": 1.1975966155092177,
    "sharpe_ratio": 1.2833881594306777,
    "sortino_ratio": 24.17136112010234,
    "calmar_ratio": 19.019301441789956,
    "total_trades": 10,
    "win_rate_%": 80.0,
    "profit_factor": 33.10888161792941
  }
}