{
  "in_sample": {
    "total_return_%": 118.06146050927259,
    "max_drawdown_%": 2.252824521264824,
    "sharpe_ratio": 1.267669092648971,
    "sortino_ratio": 1.0775764867248194,
    "calmar_ratio": 5.207700524962599,
    "total_trades": 26,
    "win_rate_%": 84.61538461538461,
    "profit_factor": 15.652313611866983
  },
  "out_of_sample": {
    "total_return_%": 82.0835573278247,
    "max_drawdown_%": 0.10339562453513407,
    "sharpe_ratio": 1.465815162712442,
    "sortino_ratio": Infinity,
    "calmar_ratio": 205.91198967339983,
    "total_trades": 8,
    "win_rate_%": 87.5,
    "profit_factor": Infinity
  }
}