{
  "in_sample": {
    "total_return_%": 96.83712712936081,
    "max_drawdown_%": 2.4661462889442194,
    "sharpe_ratio": 1.1554440592180153,
    "sortino_ratio": 0.9925377290967013,
    "calmar_ratio": 4.003076881590816,
    "total_trades": 26,
    "win_rate_%": 76.92307692307693,
    "profit_factor": 10.414593787566131
  },
  "out_of_sample": {
    "total_return_%": 95.78659500452002,
    "max_drawdown_%": 0.0,
    "sharpe_ratio": 1.3378769841277705,
    "sortino_ratio": Infinity,
    "calmar_ratio": Infinity,
    "total_trades": 7,
    "win_rate_%": 100.0,
    "profit_factor": Infinity
  }
}