{
  "in_sample": {
    "total_return_%": 117.92922572237998,
    "max_drawdown_%": 2.2542760715757284,
    "sharpe_ratio": 1.2720659140656783,
    "sortino_ratio": 1.069168886447222,
    "calmar_ratio": 5.167890363280898,
    "total_trades": 27,
    "win_rate_%": 85.18518518518519,
    "profit_factor": 15.660368985787773
  },
  "out_of_sample": {
    "total_return_%": 75.61447044935892,
    "max_drawdown_%": 0.11467192128477054,
    "sharpe_ratio": 1.4032078935936554,
    "sortino_ratio": Infinity,
    "calmar_ratio": 173.65038302649717,
    "total_trades": 8,
    "win_rate_%": 87.5,
    "profit_factor": Infinity
  }
}