{
  "in_sample": {
    "total_return_%": 117.1786874890421,
    "max_drawdown_%": 2.2625503490733543,
    "sharpe_ratio": 1.2610155857644079,
    "sortino_ratio": 1.0657930667100375,
    "calmar_ratio": 5.156237446788668,
    "total_trades": 26,
    "win_rate_%": 84.61538461538461,
    "profit_factor": 15.547376780134906
  },
  "out_of_sample": {
    "total_return_%": 82.0835573278247,
    "max_drawdown_%": 0.10339562453513407,
    "sharpe_ratio": 1.4648239935222382,
    "sortino_ratio": Infinity,
    "calmar_ratio": 205.63559774095228,
    "total_trades": 8,
    "win_rate_%": 87.5,
    "profit_factor": Infinity
  }
}