{
  "in_sample": {
    "total_return_%": 98.68440684020187,
    "max_drawdown_%": 2.298844835616908,
    "sharpe_ratio": 1.1987490850373124,
    "sortino_ratio": 0.7786671661772547,
    "calmar_ratio": 4.400121808635472,
    "total_trades": 26,
    "win_rate_%": 76.92307692307693,
    "profit_factor": 11.73547092650386
  },
  "out_of_sample": {
    "total_return_%": 93.21943088997145,
    "max_drawdown_%": 1.2510000394690657,
    "sharpe_ratio": 1.3055969394136884,
    "sortino_ratio": Infinity,
    "calmar_ratio": 18.647714728791524,
    "total_trades": 8,
    "win_rate_%": 87.5,
    "profit_factor": 80.85464200553116
  }
}