{
  "in_sample": {
    "total_return_%": 110.31560325694136,
    "max_drawdown_%": 2.335145343831726,
    "sharpe_ratio": 1.2294214065451152,
    "sortino_ratio": 0.906279851454848,
    "calmar_ratio": 4.717009476024686,
    "total_trades": 28,
    "win_rate_%": 75.0,
    "profit_factor": 13.369980921113
  },
  "out_of_sample": {
    "total_return_%": 79.1605402040769,
    "max_drawdown_%": 0.964898279072395,
    "sharpe_ratio": 1.4228715778398673,
    "sortino_ratio": Infinity,
    "calmar_ratio": 21.14400036252675,
    "total_trades": 9,
    "win_rate_%": 88.88888888888889,
    "profit_factor": 68.1840195229452
  }
}