{
  "in_sample": {
    "total_return_%": 96.73580322507664,
    "max_drawdown_%": 2.4661462889442194,
    "sharpe_ratio": 1.1543365814840856,
    "sortino_ratio": 0.8284786796390485,
    "calmar_ratio": 4.002522740561622,
    "total_trades": 27,
    "win_rate_%": 74.07407407407408,
    "profit_factor": 10.42369827123637
  },
  "out_of_sample": {
    "total_return_%": 95.78659500452002,
    "max_drawdown_%": 0.0,
    "sharpe_ratio": 1.3378769841277705,
    "sortino_ratio": Infinity,
    "calmar_ratio": Infinity,
    "total_trades": 7,
    "win_rate_%": 100.0,
    "profit_factor": Infinity
  }
}