{
  "in_sample": {
    "total_return_%": 99.09912415459921,
    "max_drawdown_%": 2.293769965343837,
    "sharpe_ratio": 1.1967148127531693,
    "sortino_ratio": 0.7816274724951925,
    "calmar_ratio": 4.416481490698343,
    "total_trades": 26,
    "win_rate_%": 76.92307692307693,
    "profit_factor": 11.77832803862347
  },
  "out_of_sample": {
    "total_return_%": 94.09494566022988,
    "max_drawdown_%": 1.2510000394690657,
    "sharpe_ratio": 1.3041727061566177,
    "sortino_ratio": Infinity,
    "calmar_ratio": 18.734377568545085,
    "total_trades": 8,
    "win_rate_%": 87.5,
    "profit_factor": 81.5919794678354
  }
}