{
  "in_sample": {
    "total_return_%": 96.56059212481418,
    "max_drawdown_%": 2.3298317755221505,
    "sharpe_ratio": 1.1554197782612239,
    "sortino_ratio": 0.7760972982102573,
    "calmar_ratio": 4.235587659028756,
    "total_trades": 26,
    "win_rate_%": 76.92307692307693,
    "profit_factor": 9.881509581425886
  },
  "out_of_sample": {
    "total_return_%": 95.78659500452002,
    "max_drawdown_%": 0.0,
    "sharpe_ratio": 1.3387539183699626,
    "sortino_ratio": Infinity,
    "calmar_ratio": Infinity,
    "total_trades": 7,
    "win_rate_%": 100.0,
    "profit_factor": Infinity
  }
}