{
  "in_sample": {
    "total_return_%": 109.11771328677472,
    "max_drawdown_%": 2.336559844688776,
    "sharpe_ratio": 1.1676061753062703,
    "sortino_ratio": 0.9768376257858398,
    "calmar_ratio": 4.705445912141999,
    "total_trades": 30,
    "win_rate_%": 76.66666666666667,
    "profit_factor": 12.222405402313118
  },
  "out_of_sample": {
    "total_return_%": 78.43376595950049,
    "max_drawdown_%": 0.4839353948503037,
    "sharpe_ratio": 1.449651066249031,
    "sortino_ratio": Infinity,
    "calmar_ratio": 41.89425665191567,
    "total_trades": 8,
    "win_rate_%": 87.5,
    "profit_factor": 238.70028489971875
  }
}