{
  "in_sample": {
    "total_return_%": 117.46194027400598,
    "max_drawdown_%": 2.259420514264733,
    "sharpe_ratio": 1.2620458067510563,
    "sortino_ratio": 0.9013098045681597,
    "calmar_ratio": 5.144276569852269,
    "total_trades": 27,
    "win_rate_%": 81.48148148148148,
    "profit_factor": 15.6048219161072
  },
  "out_of_sample": {
    "total_return_%": 76.78493001677249,
    "max_drawdown_%": 0.11467192128477054,
    "sharpe_ratio": 1.4125885783626426,
    "sortino_ratio": Infinity,
    "calmar_ratio": 175.44131442849638,
    "total_trades": 8,
    "win_rate_%": 87.5,
    "profit_factor": Infinity
  }
}