{
  "in_sample": {
    "total_return_%": 95.47920872139257,
    "max_drawdown_%": 2.3277504174761865,
    "sharpe_ratio": 1.1505958787751374,
    "sortino_ratio": 0.9279888558901077,
    "calmar_ratio": 4.212082988006035,
    "total_trades": 28,
    "win_rate_%": 71.42857142857143,
    "profit_factor": 9.326841336152443
  },
  "out_of_sample": {
    "total_return_%": 94.05623929351445,
    "max_drawdown_%": 0.0,
    "sharpe_ratio": 1.3426852066703667,
    "sortino_ratio": Infinity,
    "calmar_ratio": Infinity,
    "total_trades": 7,
    "win_rate_%": 100.0,
    "profit_factor": Infinity
  }
}