{
  "in_sample": {
    "total_return_%": 98.66050375273743,
    "max_drawdown_%": 2.3127699248983067,
    "sharpe_ratio": 1.1892421176875803,
    "sortino_ratio": 0.975436262951934,
    "calmar_ratio": 4.319669534994275,
    "total_trades": 25,
    "win_rate_%": 80.0,
    "profit_factor": 12.249336725847726
  },
  "out_of_sample": {
    "total_return_%": 93.81892107619959,
    "max_drawdown_%": 0.0,
    "sharpe_ratio": 1.3265678623383481,
    "sortino_ratio": Infinity,
    "calmar_ratio": Infinity,
    "total_trades": 7,
    "win_rate_%": 100.0,
    "profit_factor": Infinity
  }
}