{
  "in_sample": {
    "total_return_%": 98.26979587497546,
    "max_drawdown_%": 2.3176299885556513,
    "sharpe_ratio": 1.1871077822066718,
    "sortino_ratio": 0.776287347825944,
    "calmar_ratio": 4.293390971427677,
    "total_trades": 24,
    "win_rate_%": 75.0,
    "profit_factor": 12.52988195488325
  },
  "out_of_sample": {
    "total_return_%": 96.75675952751124,
    "max_drawdown_%": 0.0,
    "sharpe_ratio": 1.3203583116466642,
    "sortino_ratio": Infinity,
    "calmar_ratio": Infinity,
    "total_trades": 7,
    "win_rate_%": 100.0,
    "profit_factor": Infinity
  }
}