{
  "in_sample": {
    "total_return_%": 95.12640721925796,
    "max_drawdown_%": 2.3574870014335456,
    "sharpe_ratio": 1.1513881966269828,
    "sortino_ratio": 0.7982907434738526,
    "calmar_ratio": 4.1157985963571395,
    "total_trades": 24,
    "win_rate_%": 70.83333333333334,
    "profit_factor": 11.579739527562477
  },
  "out_of_sample": {
    "total_return_%": 96.8032202846987,
    "max_drawdown_%": 0.26427788005339403,
    "sharpe_ratio": 1.311841261992433,
    "sortino_ratio": Infinity,
    "calmar_ratio": 89.20717643321655,
    "total_trades": 8,
    "win_rate_%": 87.5,
    "profit_factor": 1120.582638789183
  }
}