{
  "in_sample": {
    "total_return_%": 113.09942125372929,
    "max_drawdown_%": 2.308605903270711,
    "sharpe_ratio": 1.2538703387457113,
    "sortino_ratio": 0.8547060458870142,
    "calmar_ratio": 4.886262105840517,
    "total_trades": 27,
    "win_rate_%": 81.48148148148148,
    "profit_factor": 15.086241359307614
  },
  "out_of_sample": {
    "total_return_%": 77.6495309012549,
    "max_drawdown_%": 0.5440223445604622,
    "sharpe_ratio": 1.4056736188101804,
    "sortino_ratio": 35.10254609379578,
    "calmar_ratio": 37.281288797203935,
    "total_trades": 9,
    "win_rate_%": 77.77777777777779,
    "profit_factor": 77.59911188951247
  }
}