{
  "in_sample": {
    "total_return_%": 118.18739542781441,
    "max_drawdown_%": 2.251443861844361,
    "sharpe_ratio": 1.2688608954500051,
    "sortino_ratio": 0.9072888873776532,
    "calmar_ratio": 5.177215517940981,
    "total_trades": 27,
    "win_rate_%": 81.48148148148148,
    "profit_factor": 15.691058087421643
  },
  "out_of_sample": {
    "total_return_%": 76.84114325403793,
    "max_drawdown_%": 0.11467192128477054,
    "sharpe_ratio": 1.413054803833798,
    "sortino_ratio": Infinity,
    "calmar_ratio": 175.53846147975773,
    "total_trades": 8,
    "win_rate_%": 87.5,
    "profit_factor": Infinity
  }
}