{
  "in_sample": {
    "total_return_%": 111.33893020403525,
    "max_drawdown_%": 2.3091348307173205,
    "sharpe_ratio": 1.1376060245708104,
    "sortino_ratio": 1.0049280370490843,
    "calmar_ratio": 4.832835518501871,
    "total_trades": 28,
    "win_rate_%": 71.42857142857143,
    "profit_factor": 12.266790672681346
  },
  "out_of_sample": {
    "total_return_%": 79.14883783818085,
    "max_drawdown_%": 0.9580144677620855,
    "sharpe_ratio": 1.4258123579344402,
    "sortino_ratio": Infinity,
    "calmar_ratio": 21.289771309208124,
    "total_trades": 8,
    "win_rate_%": 87.5,
    "profit_factor": 68.00834115114132
  }
}