{
  "in_sample": {
    "total_return_%": 96.71605626671571,
    "max_drawdown_%": 2.337160976953467,
    "sharpe_ratio": 1.1625021373774027,
    "sortino_ratio": 0.791664607718463,
    "calmar_ratio": 4.208200940431212,
    "total_trades": 24,
    "win_rate_%": 70.83333333333334,
    "profit_factor": 12.031409494740153
  },
  "out_of_sample": {
    "total_return_%": 97.09111305551829,
    "max_drawdown_%": 0.0,
    "sharpe_ratio": 1.3177623318789078,
    "sortino_ratio": Infinity,
    "calmar_ratio": Infinity,
    "total_trades": 7,
    "win_rate_%": 100.0,
    "profit_factor": Infinity
  }
}