{
  "in_sample": {
    "total_return_%": 98.66050375273743,
    "max_drawdown_%": 2.3127699248983067,
    "sharpe_ratio": 1.1889087600812576,
    "sortino_ratio": 0.9748922382654018,
    "calmar_ratio": 4.317260349531367,
    "total_trades": 25,
    "win_rate_%": 80.0,
    "profit_factor": 12.249336725847726
  },
  "out_of_sample": {
    "total_return_%": 96.75675952751124,
    "max_drawdown_%": 0.0,
    "sharpe_ratio": 1.3203583116466642,
    "sortino_ratio": Infinity,
    "calmar_ratio": Infinity,
    "total_trades": 7,
    "win_rate_%": 100.0,
    "profit_factor": Infinity
  }
}