{
  "in_sample": {
    "total_return_%": 422.45152610123034,
    "max_drawdown_%": 0.3709005052367664,
    "sharpe_ratio": 1.2908937112371706,
    "sortino_ratio": Infinity,
    "calmar_ratio": 69.57862539731532,
    "total_trades": 22,
    "win_rate_%": 95.45454545454545,
    "profit_factor": 305.8819287664901
  },
  "out_of_sample": {
    "total_return_%": 79.45677426570977,
    "max_drawdown_%": 2.1001634245745766,
    "sharpe_ratio": 1.409856416677641,
    "sortino_ratio": 1.6268545636585965,
    "calmar_ratio": 9.929301625903706,
    "total_trades": 13,
    "win_rate_%": 76.92307692307693,
    "profit_factor": 18.248544949493354
  }
}