{
  "in_sample_metrics": {
    "total_return_%": 3578.332602331442,
    "max_drawdown_%": 19.606273830733112,
    "sharpe_ratio": 2.7654102587837746,
    "sortino_ratio": 3.1292677067346073,
    "calmar_ratio": 2.777849857359125,
    "total_trades": 23,
    "win_rate_%": 91.30434782608695,
    "profit_factor": 222.18282400564075
  },
  "in_sample_return": 3578.332602331442,
  "out_of_sample_metrics": {
    "total_return_%": 107.45621717976901,
    "max_drawdown_%": 13.256865714669622,
    "sharpe_ratio": 1.482393978917215,
    "sortino_ratio": 1.6815429078136581,
    "calmar_ratio": 1.9880181719001806,
    "total_trades": 12,
    "win_rate_%": 75.0,
    "profit_factor": 17.916425138946646
  },
  "out_of_sample_return": 107.45621717976901
}