{
  "in_sample_metrics": {
    "total_return_%": 404.25398362498487,
    "max_drawdown_%": 1.1650297598910748,
    "sharpe_ratio": 1.267362677449882,
    "sortino_ratio": 4.55908205729651,
    "calmar_ratio": 21.690791637907704,
    "total_trades": 33,
    "win_rate_%": 81.81818181818183,
    "profit_factor": 79.5624895857242
  },
  "out_of_sample_metrics": {
    "total_return_%": 293.28586672053154,
    "max_drawdown_%": 2.0459166407375755,
    "sharpe_ratio": 0.8337843768763838,
    "sortino_ratio": 3.366430928986912,
    "calmar_ratio": 30.536964554094393,
    "total_trades": 12,
    "win_rate_%": 83.33333333333334,
    "profit_factor": 97.3256062679957
  }
}