{
  "in_sample_metrics": {
    "total_return_%": 422.3734151775739,
    "max_drawdown_%": 1.2030113692676612,
    "sharpe_ratio": 1.2939202003805188,
    "sortino_ratio": 2.9715857798284833,
    "calmar_ratio": 21.4443280516615,
    "total_trades": 24,
    "win_rate_%": 87.5,
    "profit_factor": 137.74686481133818
  },
  "out_of_sample_metrics": {
    "total_return_%": 296.380246524302,
    "max_drawdown_%": 2.0414868548109535,
    "sharpe_ratio": 0.8587166843930708,
    "sortino_ratio": 3.3371080280639838,
    "calmar_ratio": 30.310014114161856,
    "total_trades": 13,
    "win_rate_%": 84.61538461538461,
    "profit_factor": 98.3988166158381
  }
}