{
  "in_sample_metrics": {
    "total_return_%": 417.3223336644316,
    "max_drawdown_%": 1.129663893864469,
    "sharpe_ratio": 1.2951530542507694,
    "sortino_ratio": 4.187208972331854,
    "calmar_ratio": 22.68628125256636,
    "total_trades": 28,
    "win_rate_%": 85.71428571428571,
    "profit_factor": 86.75364840135117
  },
  "out_of_sample_metrics": {
    "total_return_%": 88.87689459873704,
    "max_drawdown_%": 2.04601601812374,
    "sharpe_ratio": 1.4981269724049058,
    "sortino_ratio": 1.2179266730208387,
    "calmar_ratio": 11.047865945697273,
    "total_trades": 12,
    "win_rate_%": 83.33333333333334,
    "profit_factor": 30.73528058002638
  }
}